id,Year_of_Start,OperationalDimension,CustomerDimension,MarketDimension,ManamgementDimension,StrategicDimenision,FinanceDimension,HRDimension,status
2498.0,2498.0,2498.0,2498.0,2498.0,2498.0,2498.0,2498.0,2498.0,2498.0
10505050.21617294,2014.4299439551642,5.973178542834267,6.06433453960595,6.136710896662645,6.678542834267414,7.366693354683747,6.658350100603622,5.714285714285715,0.4075867635189671
292013.2034288475,1.291703632723561,0.8185873730352099,1.2332508579683286,1.1386672884941367,1.499815753724715,1.2034040769795022,1.4893748954712962,1.5099646136975173,0.4895125070228333
10000274.0,2012.0,5.0,4.0,4.0,4.0,5.0,4.0,3.0,0.0
10257406.0,2014.0,5.0,5.0,5.0,6.0,7.0,6.0,5.0,0.0
10511187.5,2015.0,6.0,6.0,6.0,7.0,7.0,7.0,6.0,0.0
10759890.25,2016.0,7.0,7.0,7.0,8.0,8.0,8.0,7.0,1.0
10999887.0,2016.0,7.0,8.0,8.0,9.0,9.0,9.0,8.0,1.0
